Dataset,Método,Accuracy,Precision,Recall,F1,Time (s),Memory (Mb)
Digits,MiniSOM,0.9128000000000001,0.9252,0.9128000000000001,0.913,3.5330333220001195,1.152944564819336
Digits,SOM    ,0.8944000000000001,0.9016,0.8944000000000001,0.8906000000000001,5.440748371399968,0.786716079711914
Fashion MNIST,MiniSOM,0.708,0.7112,0.708,0.7048,498.8043912620007,37.226579666137695
Fashion MNIST,SOM    ,0.706,0.7018,0.706,0.6984,447.96632010180036,155.31048622131348
Iris,MiniSOM,0.9112,0.9402000000000001,0.9112,0.9044000000000001,0.222325387399178,0.10283546447753907
Iris,SOM    ,0.8002,0.7958000000000001,0.8002,0.7712,0.4101980272003857,0.15951004028320312
MNIST,MiniSOM,0.849,0.853,0.849,0.8488,604.9892143002013,37.226579666137695
MNIST,SOM    ,0.842,0.845,0.842,0.8408,429.99165907640054,155.31047401428222
